[
    { "zone": "GMT+14", "countries": ["Kiritimati"] },
    { "zone": "GMT+13", "countries": ["Tonga", "Samoa"] },
    { "zone": "GMT+12", "countries": ["Fiji", "Marshall Islands"] },
    { "zone": "GMT+11", "countries": ["Solomon Islands", "Vanuatu"] },
    { "zone": "GMT+10", "countries": ["Australia (AEST)", "Papua New Guinea"] },
    { "zone": "GMT+9", "countries": ["Japan", "South Korea", "Indonesia (Central)"] },
    { "zone": "GMT+8", "countries": ["China", "Hong Kong", "Singapore"] },
    { "zone": "GMT+7", "countries": ["Thailand", "Vietnam", "Cambodia"] },
    { "zone": "GMT+6", "countries": ["Bangladesh", "Kazakhstan", "Kyrgyzstan"] },
    { "zone": "GMT+5", "countries": ["Pakistan", "Uzbekistan", "Kazakhstan"] },
    { "zone": "GMT+4", "countries": ["Armenia", "Azerbaijan", "United Arab Emirates"] },
    { "zone": "GMT+3", "countries": ["Russia (Moscow)", "Turkey", "Saudi Arabia"] },
    { "zone": "GMT+2", "countries": ["Egypt", "South Africa", "Israel"] },
    { "zone": "GMT+1", "countries": ["Germany (Berlin)", "France (Paris)", "Spain (Madrid)"] },
    { "zone": "GMT", "countries": ["United Kingdom", "Ireland", "Portugal"] },
    { "zone": "GMT-1", "countries": ["Cape Verde"] },
    { "zone": "GMT-2", "countries": ["Brazil (Fernando de Noronha)", "South Georgia"] },
    { "zone": "GMT-3", "countries": ["Argentina", "Uruguay", "Brazil (Rio de Janeiro)"] },
    { "zone": "GMT-4", "countries": ["Brazil (Manaus)", "Venezuela", "Bolivia"] },
    { "zone": "GMT-5", "countries": ["Colombia", "Peru", "Ecuador"] },
    { "zone": "GMT-6", "countries": ["Mexico (Mexico City)", "Costa Rica", "Guatemala"] },
    { "zone": "GMT-7", "countries": ["United States (Mountain Time)", "Mexico (Chihuahua)", "Canada (Alberta)"] },
    { "zone": "GMT-8", "countries": ["United States (Pacific Time)", "Canada (Vancouver)", "Mexico (Baja California)"] },
    { "zone": "GMT-9", "countries": ["United States (Alaska)", "French Polynesia", "Marshall Islands"] },
    { "zone": "GMT-10", "countries": ["United States (Hawaii)", "Cook Islands", "Tahiti"] },
    { "zone": "GMT-11", "countries": ["American Samoa", "Niue", "Tuvalu"] },
    { "zone": "GMT-12", "countries": ["Baker Island", "Howland Island"] }
  ]
  